V2.x,V3.x,V4.x,V5.x,V6.x,V7.x,V8.x,V9.x,V10.x,V11.x,V12.x,V13.x,V14.x,V15.x,V16.x,V17.x,V18.x,V19.x,V20.x,V21.x,V22.x,V23.x,V24.x,V25.x,V26.x,V27.x,V28.x,V2.y,V12.y,V13.y,V14.y,V15.y,V16.y,V17.y,V18.y,V19.y,V20.y,V21.y,V22.y,V23.y,V24.y,V25.y,V26.y,V27.y,Probability
def384b2bd0039550b84e18824e91271,18,3,0,0,0,0,0,0,0,0,0,22,29,0,0,0,0,0,0,0,21992,0,0,0,0,0,0,Cnidaria,phylum,1,Hydrozoa,class,1,Anthoathecata,order,1,Bougainvilliidae,family,1,Bougainvillia,genus,1,Bougainvillia_muscus,1
e5c880fd115d006680ae0f6addcc252f,0,0,0,0,0,16000,0,0,0,0,0,0,0,0,8,0,0,0,0,0,0,0,0,0,0,0,0,Cnidaria,phylum,1,Hydrozoa,class,1,Leptothecata,order,1,Campanulariidae,family,1,Gonothyraea,genus,1,Gonothyraea_loveni,1
a38b7873f691c3c00be2fff8bddf50c6,0,2,0,0,0,2380,0,0,0,502,0,0,22,2086,0,0,402,2800,4118,0,0,0,4,6,7,0,0,Arthropoda,phylum,1,Thecostraca,class,1,Balanomorpha,order,1,Balanidae,family,1,Amphibalanus,genus,1,Amphibalanus_improvisus,1
d3513c035121db895a5ef955485c8097,0,0,0,0,0,0,0,0,0,0,0,0,0,0,0,0,4908,2161,3138,0,0,0,0,0,0,0,0,Mollusca,phylum,1,Gastropoda,class,1,undef_Gastropoda,order,1,Pachychilidae,family,1,Sulcospira,genus,1,Sulcospira_paludiformis,1
a8c4f54f955bb059eae0f5174d7eebb8,0,3006,0,0,0,0,0,17,0,305,0,0,98,130,186,0,0,0,0,0,0,0,347,414,8,859,1447,Annelida,phylum,1,Polychaeta,class,1,Spionida,order,1,Spionidae,family,1,Polydora_segmented_worms,genus,1,Polydora_cornuta,1
174024c20a9c7dc46d38509e0ed277d3,0,0,222,0,0,0,587,0,0,0,332,0,0,0,0,0,0,0,12,2315,0,91,45,0,0,0,0,Chordata,phylum,1,Mammalia,class,1,Primates,order,1,Hominidae,family,1,Homo,genus,1,Homo_sapiens,1
920fd9c1981046679207727f782b4fc5,0,3570,0,0,0,0,0,0,0,0,0,0,0,0,0,0,0,0,0,0,0,0,0,0,0,0,0,Annelida,phylum,1,Polychaeta,class,1,Spionida,order,1,Spionidae,family,1,Polydora_segmented_worms,genus,1,Polydora_cornuta,1
ec53f6e086fae9e3bca15cdb633273c7,0,93,0,5,0,3,0,0,0,0,0,0,2098,396,462,0,10,39,38,0,0,0,0,0,0,86,34,Chordata,phylum,1,Actinopteri,class,1,Perciformes,order,1,Gasterosteidae,family,1,Apeltes,genus,1,Apeltes_quadracus,1
71e74c9c388e8e52e723928f4d862888,1980,0,0,0,0,0,0,0,0,0,0,408,0,0,0,0,0,0,0,0,420,0,0,0,0,0,3,Mollusca,phylum,1,Gastropoda,class,1,Cephalaspidea,order,1,Haminoeidae,family,1,Haminoea,genus,1,Haminoea_solitaria,1
8e74674bf1ff5e0ba874e2268945b182,0,482,0,0,0,0,0,0,0,0,0,0,301,43,78,0,26,30,35,0,0,0,212,441,159,433,407,Chordata,phylum,1,Actinopteri,class,1,Cyprinodontiformes,order,1,Fundulidae,family,1,Fundulus,genus,1,Fundulus_heteroclitus,1
61c73c811fcf98e076b0c1c35922b68c,0,0,0,0,0,0,0,0,0,2150,0,0,0,0,0,0,0,0,0,0,0,0,0,0,0,0,0,Arthropoda,phylum,1,Branchiopoda,class,1,Diplostraca,order,1,Podonidae,family,1,Pleopis,genus,1,Pleopis_polyphemoides,1
18a2e110004e455b097f83f0c05922c6,0,0,0,3,0,0,0,3,0,0,0,0,0,3,2,1845,0,0,0,0,0,0,0,12,16,0,0,Chordata,phylum,1,Mammalia,class,1,Primates,order,1,Hominidae,family,1,Homo,genus,1,Homo_sapiens,1
6c0200ff3c384cd90c3d11ecc6b197a0,0,0,0,0,0,0,0,0,0,0,0,0,0,0,0,0,0,968,814,0,0,0,0,0,0,0,0,Mollusca,phylum,1,Gastropoda,class,1,Littorinimorpha,order,1,Cochliopidae,family,1,Spurwinkia,genus,1,Spurwinkia_salsa,1
c7e941e99c099683528edbca88784ea4,0,0,0,0,652,0,0,0,0,0,0,0,0,0,0,0,0,0,1101,0,0,0,0,0,0,0,0,Mollusca,phylum,1,Bivalvia,class,1,Venerida,order,1,Mactridae,family,1,Mulinia,genus,1,Mulinia_lateralis,1
d42fcf310aa47f29f94742d786f89746,0,0,0,764,0,0,0,283,493,88,0,0,0,0,0,84,0,0,0,0,0,0,0,0,0,0,0,Annelida,phylum,1,Polychaeta,class,1,Spionida,order,1,Spionidae,family,1,Polydora_segmented_worms,genus,1,Polydora_cornuta,1
d7370811c686cace8480bba7db3f14df,0,0,0,0,0,0,0,0,0,0,0,0,0,0,0,0,0,1603,0,0,0,0,0,0,0,0,0,Arthropoda,phylum,1,Thecostraca,class,1,Balanomorpha,order,1,Balanidae,family,1,Amphibalanus,genus,1,Amphibalanus_improvisus,1
2510bcb80bb722af9be0bb456920d9c4,0,0,0,0,0,0,0,0,0,0,0,0,0,0,0,0,0,1443,0,0,0,0,0,0,0,0,0,Mollusca,phylum,1,Bivalvia,class,1,Venerida,order,1,Mactridae,family,1,Mulinia,genus,1,Mulinia_lateralis,1
93a39f7b1605720fa61215168898b4dc,0,0,0,0,0,0,0,0,0,0,0,0,0,0,0,0,784,0,656,0,0,0,0,0,0,0,0,Mollusca,phylum,1,Gastropoda,class,1,Littorinimorpha,order,1,Cochliopidae,family,1,Spurwinkia,genus,1,Spurwinkia_salsa,1
dceb105ffa4fdf5a087add4577c07f7a,0,0,0,0,0,0,0,0,0,0,0,0,0,1410,0,0,0,10,0,0,0,0,0,0,0,0,0,Mollusca,phylum,1,Gastropoda,class,1,Nudibranchia,order,1,Trinchesiidae,family,0.99,Tenellia,genus,0.99,Tenellia_adspersa,0.99
47a871b3fbe49bcb3dd67ca0fe026af7,0,0,0,0,0,0,0,0,0,0,0,0,942,103,205,0,0,0,0,0,0,0,0,0,0,0,0,Annelida,phylum,1,Polychaeta,class,1,Spionida,order,1,Spionidae,family,1,Marenzelleria,genus,1,Marenzelleria_viridis,1
83c8db0a6b6358f3884608eb4cf5af5c,0,0,0,0,0,0,0,0,0,0,0,0,0,0,0,0,0,0,0,0,0,0,0,783,0,300,0,Annelida,phylum,1,Polychaeta,class,1,Spionida,order,1,Spionidae,family,1,Polydora_segmented_worms,genus,1,Polydora_cornuta,1
5801f664e144038d19dfc482a948ddbf,3,550,0,0,0,0,0,12,0,0,0,0,0,0,0,0,0,0,0,0,2,0,0,0,0,270,212,Bryozoa,phylum,1,Gymnolaemata,class,1,Cheilostomatida,order,1,Cribrilinidae,family,1,Juxtacribrilina,genus,1,Juxtacribrilina_mutabilis,1
9df31287ddfd6b875ebe22b65ea9331e,0,0,0,0,0,0,0,0,0,0,0,0,0,81,0,0,0,0,0,0,0,0,176,488,265,0,0,Annelida,phylum,1,Polychaeta,class,1,Phyllodocida,order,1,Phyllodocidae,family,1,Hypereteone,genus,1,Hypereteone_heteropoda,1
b6a5bfb1eac93c538d89390bdfedc44c,0,0,0,0,0,0,0,0,0,0,0,0,0,896,0,0,0,0,0,0,0,0,0,0,0,0,0,Mollusca,phylum,1,Bivalvia,class,1,Venerida,order,1,Mactridae,family,1,Mulinia,genus,1,Mulinia_lateralis,1
cfd35e3f35f950aeca66827a766b1ee6,0,0,0,0,0,0,0,6,0,0,0,0,0,0,0,0,0,0,0,0,0,0,822,0,0,0,0,Mollusca,phylum,1,Gastropoda,class,1,Littorinimorpha,order,1,Littorinidae,family,1,Littorina,genus,1,Littorina_littorea,1
351fc54566540801f45c1ebd5062774e,0,0,0,0,0,0,0,0,0,11,0,0,0,0,0,0,0,0,0,0,0,0,736,62,0,0,0,Mollusca,phylum,1,Gastropoda,class,1,Littorinimorpha,order,1,Littorinidae,family,1,Littorina,genus,1,Littorina_littorea,1
d84c4c33f4cf6ae98288a3671c9f5212,0,0,0,0,0,0,0,80,83,12,0,0,417,34,79,0,0,0,0,0,0,0,0,53,0,9,0,Arthropoda,phylum,1,Malacostraca,class,1,Decapoda,order,1,Carcinidae,family,1,Carcinus,genus,1,Carcinus_maenas,1
0b0d2be1f005559cfbfbdd321924d94b,0,0,0,0,0,0,0,0,0,0,0,0,0,0,0,0,0,0,0,0,0,0,116,428,208,0,0,Annelida,phylum,1,Polychaeta,class,1,Terebellida,order,1,Terebellidae,family,1,Polycirrus,genus,1,Polycirrus_eximius,1
6e1a95e318b7ae0c76268dade43f5518,0,420,0,0,0,0,0,0,0,0,0,0,0,0,0,0,0,0,0,0,0,0,0,0,0,202,109,Bryozoa,phylum,1,Gymnolaemata,class,1,Cheilostomatida,order,1,Cribrilinidae,family,1,Juxtacribrilina,genus,1,Juxtacribrilina_mutabilis,1
4b4068d1ca42769f06ae83869c3a64ad,0,0,0,0,0,0,0,0,0,0,0,0,0,0,0,0,0,0,0,0,0,0,374,132,203,0,0,Annelida,phylum,1,Polychaeta,class,1,Terebellida,order,1,Terebellidae,family,1,Nicolea,genus,1,Nicolea_zostericola,1
5d79d4c38efddae96b834ea0a4adcb24,0,0,0,0,0,0,0,0,0,0,0,0,0,0,0,0,0,679,0,0,0,0,0,0,0,0,0,Mollusca,phylum,1,Gastropoda,class,1,undef_Gastropoda,order,1,Limapontiidae,family,1,Ercolania,genus,1,Ercolania_fuscata,1
d6f6b5388a299d4c575c03f91adc6492,0,0,0,0,0,0,0,0,0,0,0,0,436,39,86,0,0,0,0,0,0,0,0,0,0,0,0,Arthropoda,phylum,1,Malacostraca,class,1,Amphipoda,order,1,Gammaridae,family,1,Gammarus,genus,1,Gammarus_lawrencianus,1
60d416a532350bfb0c2c42a8b285ede2,0,0,0,0,0,0,0,0,0,0,0,0,0,0,0,0,0,0,0,0,0,0,302,191,38,0,0,Annelida,phylum,1,Polychaeta,class,1,Terebellida,order,1,Terebellidae,family,1,Nicolea,genus,1,Nicolea_zostericola,1
528200acf4a160bf426378f5c1370349,0,0,0,0,0,0,0,0,0,0,0,0,0,0,0,0,0,0,0,0,0,0,0,523,0,0,0,Annelida,phylum,1,Polychaeta,class,1,Spionida,order,1,Spionidae,family,1,Polydora_segmented_worms,genus,1,Polydora_cornuta,1
77926f275335abe8e33fd928349605d4,0,0,0,0,0,0,0,0,0,0,0,0,0,0,0,0,0,0,0,0,0,0,114,285,121,0,0,Cnidaria,phylum,1,Hydrozoa,class,1,Leptothecata,order,1,Sertulariidae,family,1,Dynamena,genus,1,Dynamena_pumila,1
bb7b18bae54454c87557df8217b5422b,0,0,0,0,0,460,0,0,0,55,0,0,0,0,0,0,0,0,0,0,0,0,0,0,0,0,0,Annelida,phylum,1,Polychaeta,class,1,Spionida,order,1,Spionidae,family,1,Polydora_segmented_worms,genus,1,Polydora_cornuta,1
7d275f298e49d632540b0eb61901ab06,0,0,0,0,0,0,0,0,0,0,0,0,0,0,0,0,0,504,0,0,0,0,0,0,0,0,0,Mollusca,phylum,1,Gastropoda,class,1,undef_Gastropoda,order,1,Limapontiidae,family,1,Ercolania,genus,1,Ercolania_fuscata,1
bf417e9e7eaca8e0386817bb985df151,0,0,0,0,0,0,0,0,0,0,0,0,0,0,0,0,0,502,0,0,0,0,0,0,0,0,0,Mollusca,phylum,1,Gastropoda,class,1,Littorinimorpha,order,1,Cochliopidae,family,1,Spurwinkia,genus,1,Spurwinkia_salsa,1
a10b05d9ef4270b51ad18e5b59812b56,0,0,0,0,0,0,0,0,0,0,0,455,0,0,0,0,0,0,0,0,0,0,0,0,0,0,0,Mollusca,phylum,1,Gastropoda,class,1,Cephalaspidea,order,1,Haminoeidae,family,1,Haminoea,genus,1,Haminoea_solitaria,1
0f5dc9513e91e5cf64295e76f280922c,453,0,0,0,0,0,0,0,0,0,0,0,0,0,0,0,0,0,0,0,0,0,0,0,0,0,0,Mollusca,phylum,1,Gastropoda,class,1,Cephalaspidea,order,1,Haminoeidae,family,1,Haminoea,genus,1,Haminoea_solitaria,1
bc58613973a37c4aebf7e763c0f5aa48,0,224,0,0,0,0,0,0,0,0,0,0,0,0,0,0,0,0,0,0,0,0,0,0,0,92,107,Bryozoa,phylum,1,Gymnolaemata,class,1,Cheilostomatida,order,1,Cribrilinidae,family,1,Juxtacribrilina,genus,1,Juxtacribrilina_mutabilis,1
c1e6e12d69d97556e600a0b46e3fd37d,0,98,0,0,0,0,0,0,61,0,0,0,0,0,65,0,0,38,32,0,0,0,0,0,0,0,114,Chordata,phylum,1,Actinopteri,class,1,Atheriniformes,order,1,Atherinopsidae,family,1,Menidia,genus,1,Menidia_menidia,1
bfaf6c9132c2d9f4ace5520a75eaf11b,0,5,0,0,0,4,0,0,0,0,0,0,235,9,32,0,0,6,0,0,0,0,14,67,11,0,0,Mollusca,phylum,1,Bivalvia,class,1,Myida,order,1,Myidae,family,1,Mya,genus,1,Mya_arenaria,1
3fe7523d84665949ebbe27814733950b,0,0,0,0,0,0,0,0,0,0,0,0,0,0,0,0,0,0,0,0,0,0,119,259,0,0,0,Annelida,phylum,1,Polychaeta,class,1,Terebellida,order,1,Flabelligeridae,family,1,Pherusa,genus,1,Pherusa_affinis,1
c7b8917a29f4df36fedf63c933d5b9c3,0,35,0,0,0,0,0,27,28,22,0,0,39,0,12,0,5,8,12,0,0,0,39,85,16,35,13,Annelida,phylum,1,Polychaeta,class,1,Phyllodocida,order,1,Nereididae,family,1,Alitta,genus,1,Alitta_virens,1
42a56033ef5c2ebde87e37770a3234ca,0,0,0,0,0,0,0,0,0,0,0,0,286,12,64,0,0,0,0,0,0,0,0,0,0,0,0,Annelida,phylum,1,Polychaeta,class,1,Phyllodocida,order,1,Nereididae,family,1,Hediste,genus,1,Hediste_diversicolor,0.91
1cd0d8df487ce92fdf27a3c7951b8dd4,0,0,0,0,0,0,0,0,0,0,0,0,0,0,0,0,0,0,0,0,0,0,113,189,54,0,0,Cnidaria,phylum,1,Hydrozoa,class,1,Leptothecata,order,1,Campanulariidae,family,1,Gonothyraea,genus,1,Gonothyraea_loveni,1
ba8dbcf9b6d48dd3df37da9311d9cdba,2,0,0,0,0,0,0,0,0,0,0,0,236,49,46,0,0,0,0,0,0,0,0,0,0,0,0,Arthropoda,phylum,1,Malacostraca,class,1,Decapoda,order,1,Carcinidae,family,1,Carcinus,genus,1,Carcinus_maenas,1
2c1d01e03754e74317153b5d826815fe,0,0,0,0,7,110,0,0,0,23,0,0,73,0,23,0,18,30,37,0,0,0,0,0,0,0,0,Annelida,phylum,1,Polychaeta,class,1,Phyllodocida,order,1,Nereididae,family,1,Alitta,genus,1,Alitta_succinea,1
29bf2805e918924158df28989324f2c1,0,0,0,0,0,0,0,0,0,0,0,0,292,6,15,0,6,0,0,0,0,0,0,0,0,0,0,Chordata,phylum,1,Actinopteri,class,1,Salmoniformes,order,1,Salmonidae,family,1,Salmo,genus,1,Salmo_trutta,1
abdaebcf4374152cfdc4aed215c53144,0,34,0,0,37,60,0,10,6,17,0,0,0,0,0,0,0,0,0,0,0,0,10,32,12,32,47,Cnidaria,phylum,1,Hydrozoa,class,1,Leptothecata,order,1,Obeliidae,family,1,Obelia,genus,1,Obelia_dichotoma,1
e34da6694828e4aeb73f6049a66035b6,0,0,0,0,0,0,0,0,0,0,0,0,242,18,34,0,0,0,0,0,0,0,0,0,0,0,0,Chordata,phylum,1,Actinopteri,class,1,Salmoniformes,order,1,Salmonidae,family,1,Salmo,genus,1,Salmo_salar,1
be2690d5402c676d44c5a3b8de911fbf,0,0,0,0,0,0,0,0,0,0,0,0,0,0,0,0,0,0,0,0,0,0,0,0,0,293,0,Annelida,phylum,1,Polychaeta,class,1,Spionida,order,1,Spionidae,family,1,Polydora_segmented_worms,genus,1,Polydora_cornuta,1
6ba831030f77804fe5f00eb8d021691a,0,30,0,0,0,3,0,0,0,0,0,0,142,0,35,0,0,0,0,0,0,0,28,27,19,0,8,Arthropoda,phylum,1,Malacostraca,class,1,Decapoda,order,1,Carcinidae,family,1,Carcinus,genus,1,Carcinus_maenas,1
997f5dcd5595a9ff404af371165a6e40,283,0,0,0,0,0,0,0,0,0,0,0,0,0,0,0,0,0,0,0,0,0,0,0,0,0,0,Mollusca,phylum,1,Gastropoda,class,1,Cephalaspidea,order,1,Haminoeidae,family,1,Haminoea,genus,1,Haminoea_solitaria,1
0e3c52e9c2cabdc311ab1b6494ce0d73,0,0,0,0,0,0,0,280,0,0,0,0,0,0,0,0,0,0,0,0,0,0,0,0,0,0,0,Annelida,phylum,1,Polychaeta,class,1,Spionida,order,1,Spionidae,family,1,Polydora_segmented_worms,genus,1,Polydora_cornuta,1
f3995f6f00583475554ad2374763173b,0,0,0,0,0,0,0,265,0,0,0,0,0,0,0,0,0,0,0,0,0,0,0,0,0,0,0,Annelida,phylum,1,Polychaeta,class,1,Spionida,order,1,Spionidae,family,1,Polydora_segmented_worms,genus,1,Polydora_cornuta,1
bb21821924f36e57b9c34613e8aa8151,0,0,0,0,0,0,0,0,0,0,0,130,0,0,0,0,0,0,0,0,0,0,0,0,0,135,0,Bryozoa,phylum,1,Gymnolaemata,class,1,Cheilostomatida,order,1,Membraniporidae,family,1,Membranipora,genus,1,Membranipora_membranacea,1
6dcfd9e7dfdf5e6dbd8381ee671e12e1,0,0,0,0,0,0,0,0,0,0,0,0,0,0,0,0,0,0,0,0,258,0,0,0,0,0,0,Mollusca,phylum,1,Gastropoda,class,1,Nudibranchia,order,1,Trinchesiidae,family,1,Tenellia,genus,1,Tenellia_adspersa,1
5972ececbbd0063ae2a956f314bf72f9,0,0,0,0,0,0,0,0,0,0,0,0,0,0,0,0,0,0,0,0,0,257,0,0,0,0,0,Mollusca,phylum,1,Gastropoda,class,1,Cephalaspidea,order,1,Haminoeidae,family,1,Haminoea,genus,1,Haminoea_solitaria,1
1354aeed8d6defad55a782af0caff0ba,0,0,0,0,0,0,0,0,0,0,0,0,251,0,0,0,0,0,0,0,0,0,0,0,0,0,0,Chordata,phylum,1,Actinopteri,class,1,Anguilliformes,order,1,Anguillidae,family,1,Anguilla,genus,1,Anguilla_rostrata,1
ba0e241c1db1431a8a87e1085ec7cf3a,0,0,0,0,0,0,0,0,0,0,0,0,0,0,0,0,0,0,0,0,0,0,105,75,68,0,0,Annelida,phylum,0.95,Polychaeta,class,0.95,Spionida,order,0.94,Spionidae,family,0.94,Streblospio,genus,0.94,Streblospio_benedicti,0.94
39d69a75c461ba1c258b278edcba520e,0,0,0,0,0,0,0,0,0,0,0,0,0,0,0,0,0,0,0,0,0,0,240,0,0,0,0,Mollusca,phylum,1,Gastropoda,class,1,Littorinimorpha,order,1,Littorinidae,family,1,Littorina,genus,1,Littorina_littorea,1
7e1d2652fd18a12633e8cb97a04dab82,0,0,0,0,0,0,0,0,0,0,0,0,0,0,0,0,0,0,0,0,0,0,0,0,0,235,0,Annelida,phylum,1,Polychaeta,class,1,Spionida,order,1,Spionidae,family,1,Polydora_segmented_worms,genus,1,Polydora_cornuta,1
7c7309aa5a53353801ac8c2e7f47dd64,0,0,0,0,0,0,0,228,0,0,0,0,0,0,0,0,0,0,0,0,0,0,0,0,0,0,0,Annelida,phylum,1,Polychaeta,class,1,Spionida,order,1,Spionidae,family,1,Polydora_segmented_worms,genus,1,Polydora_cornuta,1
1761c7756e83807b1411de4fccd713ec,0,0,0,0,0,0,0,0,0,0,0,0,151,22,38,0,4,0,0,0,0,0,0,0,0,0,0,Chordata,phylum,1,Mammalia,class,1,Rodentia,order,1,Castoridae,family,1,Castor,genus,1,Castor_canadensis,1
4670e9b1a6fad0557aa8f4a353dc01c1,0,0,0,0,0,0,0,0,0,0,0,190,0,0,0,0,0,0,0,0,0,0,0,8,0,0,0,Mollusca,phylum,1,Gastropoda,class,1,Littorinimorpha,order,1,Cochliopidae,family,1,Spurwinkia,genus,1,Spurwinkia_salsa,1
a56dfec090c3b36191e6a0a4bf37bd42,0,0,0,195,0,0,0,0,0,0,0,0,0,0,0,0,0,0,0,0,0,0,0,0,0,0,0,Annelida,phylum,1,Polychaeta,class,1,Spionida,order,1,Spionidae,family,1,Polydora_segmented_worms,genus,1,Polydora_cornuta,1
c54ebf538094df51c8d53260bc146a65,0,62,0,0,0,0,0,0,0,3,0,0,0,0,0,0,0,0,0,0,0,0,0,0,0,83,44,Cnidaria,phylum,1,Hydrozoa,class,1,Leptothecata,order,1,Obeliidae,family,1,Obelia,genus,1,Obelia_longissima,1
e3a38d3d0249f3c52f142277cf34d160,0,0,0,0,0,0,0,0,0,0,0,0,0,0,0,179,0,0,0,0,0,0,0,0,0,0,0,Chordata,phylum,1,Mammalia,class,1,Primates,order,1,Hominidae,family,1,Homo,genus,1,Homo_sapiens,1
0562dc1ef71419b0566c2ef63e34d852,0,5,0,0,0,0,0,12,8,0,0,0,51,0,24,0,18,20,34,0,3,0,0,0,0,0,0,Annelida,phylum,1,Polychaeta,class,1,Phyllodocida,order,1,Nereididae,family,1,Alitta,genus,1,Alitta_succinea,1
c41216b3a20d0de60ee82d63e4f3a1d8,0,0,0,0,0,0,0,0,0,0,0,0,0,0,0,0,0,0,0,0,0,0,68,62,35,0,0,Arthropoda,phylum,1,Malacostraca,class,1,Amphipoda,order,1,Corophiidae,family,1,Monocorophium,genus,1,Monocorophium_acherusicum,1
2e25654b6b92a1244804f055a35036e7,5,0,0,0,0,0,0,0,0,0,0,2,111,5,29,0,0,0,0,0,7,0,0,0,0,0,0,Mollusca,phylum,1,Gastropoda,class,1,Stylommatophora,order,1,Arionidae,family,1,Arion,genus,1,Arion_subfuscus,1
14a21d6b619748d4887b9d89f3a5c3b5,0,0,0,0,0,0,0,0,0,0,0,0,132,0,22,0,0,0,0,0,0,0,0,0,5,0,0,Chordata,phylum,1,Actinopteri,class,1,Salmoniformes,order,1,Salmonidae,family,1,Salvelinus,genus,1,Salvelinus_fontinalis,1
697af2f60c0753be8637d1c6d0be660c,0,7,0,0,0,0,0,0,0,0,0,0,0,0,0,0,0,0,0,0,0,0,0,0,0,141,9,Mollusca,phylum,1,Gastropoda,class,1,Ellobiida,order,1,Ellobiidae,family,1,Melampus,genus,1,Melampus_bidentatus,1
02d3eb79f23f0c0b1ba1923f3b706cd8,0,0,0,0,0,0,0,0,156,0,0,0,0,0,0,0,0,0,0,0,0,0,0,0,0,0,0,Annelida,phylum,1,Polychaeta,class,1,Spionida,order,1,Spionidae,family,1,Polydora_segmented_worms,genus,1,Polydora_cornuta,1
10fcd9ed923955d7b43a32fb39fdcf0c,0,0,0,0,0,0,0,0,0,0,0,0,0,0,0,150,0,0,0,0,0,0,0,0,0,0,0,Chordata,phylum,1,Mammalia,class,1,Primates,order,1,Hominidae,family,1,Homo,genus,1,Homo_sapiens,1
e1e2c10d7a8a601d0a2977a6099105c6,0,0,0,0,0,0,0,0,0,0,0,0,0,0,0,140,0,0,0,0,0,0,0,0,0,0,0,Chordata,phylum,1,Mammalia,class,1,Primates,order,1,Hominidae,family,1,Homo,genus,1,Homo_sapiens,1
a6f5a99a1f38aa9ca857e88c6c24ba49,0,0,0,0,0,0,0,0,0,0,0,0,0,0,0,0,2,129,9,0,0,0,0,0,0,0,0,Mollusca,phylum,1,Bivalvia,class,1,Mytilida,order,1,Mytilidae,family,1,Geukensia,genus,1,Geukensia_demissa,1
0b1f76eb7f95d2594446f4d46981c7a4,0,0,0,0,0,0,0,0,0,0,0,0,0,0,0,0,14,79,38,0,0,0,0,0,0,0,0,Chordata,phylum,1,Ascidiacea,class,1,Phlebobranchia,order,1,Ascidiidae,family,1,Ascidia,genus,1,Ascidia_ahodori,1
413e0827357d1ab74284ac0549ea2819,0,0,0,0,0,36,0,0,0,0,0,0,0,0,0,0,0,19,30,0,0,0,0,0,0,42,0,Bryozoa,phylum,1,Gymnolaemata,class,1,Cheilostomatida,order,1,Electridae,family,1,Conopeum,genus,1,Conopeum_tenuissimum,1
956daebfea0c33791f7877406b9c356c,0,0,0,0,0,0,0,0,0,26,0,0,0,0,0,0,0,0,0,0,99,0,0,0,0,0,0,Annelida,phylum,1,Polychaeta,class,1,Spionida,order,1,Spionidae,family,1,Polydora_segmented_worms,genus,1,Polydora_cornuta,1
59d388f73a48dfbf1177206569936cbc,0,0,0,0,0,0,0,0,0,0,0,0,125,0,0,0,0,0,0,0,0,0,0,0,0,0,0,Annelida,phylum,1,Polychaeta,class,1,Spionida,order,1,Spionidae,family,1,Marenzelleria,genus,1,Marenzelleria_viridis,1
d91d95a449fc69b96201fba6c09bd1d8,0,37,0,0,0,0,0,0,74,0,0,0,0,0,0,0,0,0,0,0,10,0,0,0,0,0,0,Annelida,phylum,1,Polychaeta,class,1,undef_Polychaeta,order,1,Capitellidae,family,1,Capitella,genus,1,Capitella_capitata,1
d29383f949ce81d2d93abc698af6a129,0,0,0,0,0,0,0,0,0,0,0,0,0,0,0,121,0,0,0,0,0,0,0,0,0,0,0,Chordata,phylum,1,Mammalia,class,1,Primates,order,1,Hominidae,family,1,Homo,genus,1,Homo_sapiens,1
92802d6e3ed7812aff89858f53221828,0,0,0,0,0,0,0,0,0,0,0,0,0,0,0,0,0,0,0,0,0,0,6,98,12,0,0,Annelida,phylum,1,Polychaeta,class,1,undef_Polychaeta,order,1,Maldanidae,family,1,Clymenella,genus,1,Clymenella_torquata,1
7e34cc503b0561315a075d26181227fd,0,0,0,0,0,0,0,0,0,0,0,0,0,0,0,0,0,0,0,0,0,0,0,0,106,0,4,Annelida,phylum,1,Polychaeta,class,1,Terebellida,order,1,Flabelligeridae,family,1,Pherusa,genus,1,Pherusa_affinis,1
08cb598fe9ecd8b33e7434f6d87d10ee,0,0,0,0,0,0,0,15,13,11,0,0,40,10,0,0,8,12,0,0,0,0,0,0,0,0,0,Chordata,phylum,1,Actinopteri,class,1,Scombriformes,order,1,Scombridae,family,1,Scomber,genus,1,Scomber_scombrus,1
6b70ab737cfe367d8486fbb9f793d3c0,0,0,0,0,0,0,0,0,0,0,0,0,0,0,0,0,0,0,0,0,0,0,0,0,0,0,108,Mollusca,phylum,1,Gastropoda,class,1,Ellobiida,order,1,Ellobiidae,family,1,Melampus,genus,1,Melampus_bidentatus,1
211ae20e06935aa194815911e506d04d,4,28,0,0,0,0,0,0,5,0,0,4,33,0,6,0,0,0,0,0,0,0,0,0,0,10,16,Chordata,phylum,1,Actinopteri,class,1,undef_Actinopteri,order,1,Moronidae,family,1,Morone,genus,1,Morone_saxatilis,1
15adad84d9c04351cf03301c9c000729,0,0,0,0,0,0,0,0,0,0,0,0,90,12,0,0,0,0,0,0,0,0,0,0,0,0,0,Arthropoda,phylum,1,Malacostraca,class,1,Decapoda,order,1,Crangonidae,family,1,Crangon,genus,1,Crangon_septemspinosa,1
229a44e28b1d1ef9427a98cbdd6324c5,0,0,0,0,0,0,0,0,0,0,0,0,82,0,18,0,0,0,0,0,0,0,0,0,0,0,0,Arthropoda,phylum,1,Malacostraca,class,1,Mysida,order,1,Mysidae,family,1,Mysis,genus,1,Mysis_gaspensis,1
1f8d2d5ae1a48aff34f09e220efe9245,0,0,0,0,0,0,0,0,0,0,0,0,0,0,0,0,0,0,0,0,0,0,0,0,0,90,0,Mollusca,phylum,1,Gastropoda,class,1,Littorinimorpha,order,1,Hydrobiidae,family,1,Ecrobia,genus,1,Ecrobia_truncata,1
18e63fc5617236a5b4350934665d427d,0,0,0,0,0,0,0,0,0,0,0,0,0,0,0,0,0,0,0,0,0,0,0,0,0,85,0,Mollusca,phylum,1,Gastropoda,class,1,undef_Gastropoda,order,1,Plakobranchidae,family,1,Elysia,genus,1,Elysia_serca,1
70459e69a39919418d3b1fbcfa41db20,0,0,0,0,0,0,0,9,0,0,0,0,57,0,15,0,0,0,0,0,0,0,0,0,0,0,0,Chordata,phylum,1,Actinopteri,class,1,Pleuronectiformes,order,1,Pleuronectidae,family,1,Pseudopleuronectes,genus,1,Pseudopleuronectes_americanus,1
45fe83279f0ceb195a0f8ced717122bf,0,0,0,80,0,0,0,0,0,0,0,0,0,0,0,0,0,0,0,0,0,0,0,0,0,0,0,Bryozoa,phylum,1,Gymnolaemata,class,1,Cheilostomatida,order,1,Membraniporidae,family,1,Membranipora,genus,1,Membranipora_membranacea,1
413cd625bf53993d167f0938a5dd44df,0,0,0,0,0,0,0,0,0,80,0,0,0,0,0,0,0,0,0,0,0,0,0,0,0,0,0,Chordata,phylum,1,Mammalia,class,1,Carnivora,order,1,Felidae,family,1,Felis,genus,1,Felis_silvestris,1
7782e10c7d13c67382be9a3fa8db0c6d,0,22,0,0,0,0,0,0,0,0,0,0,0,0,0,0,0,0,0,0,0,0,0,0,0,37,20,Arthropoda,phylum,1,Malacostraca,class,1,Amphipoda,order,1,Gammaridae,family,1,Gammarus,genus,1,Gammarus_mucronatus,1
b762f243df4bb7d116b015b4340b3564,0,0,0,0,0,0,0,0,0,0,0,77,0,0,0,0,0,0,0,0,0,0,0,0,0,0,0,Mollusca,phylum,1,Bivalvia,class,1,Venerida,order,1,Mactridae,family,1,Mulinia,genus,1,Mulinia_lateralis,1
d7008e75d970e1695cb4437020d79fd3,0,0,0,0,0,0,0,0,0,0,0,0,76,0,0,0,0,0,0,0,0,0,0,0,0,0,0,Chordata,phylum,1,Actinopteri,class,1,Perciformes,order,1,Gasterosteidae,family,1,Gasterosteus,genus,1,Gasterosteus_aculeatus,0.92
db38b29a85d5686be8c411b8193ccf29,0,0,0,0,0,0,0,0,0,0,0,0,0,28,0,0,19,11,10,0,0,0,4,0,0,0,0,Mollusca,phylum,1,Bivalvia,class,1,Venerida,order,1,Petricolidae,family,1,Petricolaria,genus,1,Petricolaria_pholadiformis,1
a829ae9f8b3b6d4dbb5a60ea49d13918,0,0,0,0,0,0,0,0,0,0,0,0,0,0,0,0,0,0,0,0,0,0,0,0,0,69,0,Chordata,phylum,1,Actinopteri,class,1,Atheriniformes,order,1,Atherinopsidae,family,1,Menidia,genus,1,Menidia_menidia,1
6d52d9324790504d73b8e8bdaf9256ea,0,0,0,0,0,0,0,0,0,0,0,0,0,19,47,0,0,0,0,0,0,0,0,0,0,0,0,Chordata,phylum,1,Actinopteri,class,1,Anguilliformes,order,1,Anguillidae,family,1,Anguilla,genus,1,Anguilla_rostrata,1
bccc86e44229d7de327598002e57b9b7,0,0,0,0,0,0,0,0,0,0,0,0,0,0,0,0,0,0,0,0,0,0,0,58,0,0,0,Annelida,phylum,1,Polychaeta,class,1,Terebellida,order,1,Terebellidae,family,1,Polycirrus,genus,1,Polycirrus_eximius,1
ae5361ae848aca698c3805e502e3233c,0,0,0,0,0,0,0,0,0,0,0,0,0,0,0,0,0,0,0,0,0,0,0,56,0,0,0,Annelida,phylum,1,Polychaeta,class,1,undef_Polychaeta,order,1,Maldanidae,family,1,Clymenella,genus,1,Clymenella_torquata,1
809e2247e0e328c8c6298224239e16f0,0,17,0,0,0,0,0,0,0,0,0,0,0,0,0,0,0,0,0,0,0,0,6,0,4,16,12,Mollusca,phylum,1,Bivalvia,class,1,Venerida,order,1,Veneridae,family,1,Gemma,genus,1,Gemma_gemma,1
0e97f01a3944b63dfc6b369e5ea66f2b,0,22,0,0,0,0,0,0,0,0,0,0,0,0,0,0,0,0,0,0,0,0,0,0,0,22,10,Cnidaria,phylum,1,Hydrozoa,class,1,Anthoathecata,order,1,Corynidae,family,1,Sarsia,genus,1,Sarsia_tubulosa,1
7e4523aec21e67dcc76ffd07c619bc50,0,0,0,0,0,0,0,0,0,0,0,0,0,0,0,0,0,0,0,0,0,0,54,0,0,0,0,Annelida,phylum,1,Polychaeta,class,1,Terebellida,order,1,Terebellidae,family,1,Nicolea,genus,1,Nicolea_zostericola,1
4e1d4ed243aba18ce45fa4f85e056e2b,0,0,0,0,0,0,0,0,0,0,0,0,0,0,0,0,0,0,0,0,0,0,0,0,0,37,15,Mollusca,phylum,1,Gastropoda,class,1,undef_Gastropoda,order,1,Cerithiidae,family,1,Bittiolum,genus,1,Bittiolum_varium,1
5fd59ba571fb2dc3aaa803ffae38c6c8,0,13,0,0,0,0,0,0,0,0,0,0,0,0,20,0,0,0,0,0,0,0,12,0,0,0,5,Arthropoda,phylum,1,Malacostraca,class,1,Decapoda,order,1,Crangonidae,family,1,Crangon,genus,1,Crangon_septemspinosa,1
58f69ecb2fccae5dbba2f5d2944027c9,0,0,0,0,0,0,0,0,0,0,0,0,0,0,0,49,0,0,0,0,0,0,0,0,0,0,0,Mollusca,phylum,1,Gastropoda,class,1,undef_Gastropoda,order,1,Ancylidae,family,1,Ancylus,genus,1,Ancylus_fluviatilis,1
8514787b8d2bc80be76d1631c8bf4199,0,0,0,0,0,0,0,0,0,0,0,0,0,0,0,0,0,0,0,0,0,0,7,21,18,0,0,Cnidaria,phylum,1,Hydrozoa,class,1,Anthoathecata,order,1,Hydractiniidae,family,1,Hydractinia,genus,1,Hydractinia_echinata,1
99977de7d73d981381aebeb2aa6e3406,0,0,0,0,0,0,0,0,0,0,0,0,44,0,0,0,0,0,0,0,0,0,0,0,0,0,0,Annelida,phylum,1,Polychaeta,class,1,Spionida,order,1,Spionidae,family,1,Marenzelleria,genus,1,Marenzelleria_viridis,1
fb6670f351c5e087136f4063a7af649d,0,0,0,0,0,0,0,0,0,0,0,0,0,0,0,0,0,0,0,0,0,0,24,13,6,0,0,Cnidaria,phylum,1,Hydrozoa,class,1,Leptothecata,order,1,Obeliidae,family,1,Obelia,genus,1,Obelia_bidentata,1
5b56d1b5b29a71bf2fc59832ec67d998,0,0,0,0,0,0,0,0,0,31,0,0,0,0,0,0,0,0,11,0,0,0,0,0,0,0,0,Mollusca,phylum,1,Bivalvia,class,1,Mytilida,order,1,Mytilidae,family,1,Mytilus,genus,1,Mytilus_trossulus,1
1ef041da6c5cf5f71827a893f0736862,0,0,0,0,0,0,0,0,0,0,0,0,0,0,0,0,0,0,0,0,0,0,0,42,0,0,0,Annelida,phylum,1,Polychaeta,class,1,Terebellida,order,1,Flabelligeridae,family,1,Pherusa,genus,1,Pherusa_affinis,1
c68cccb18f5e4565fd4d94dc16210e02,0,0,0,0,0,0,0,0,0,0,0,0,0,0,0,0,0,0,0,0,0,0,0,42,0,0,0,Cnidaria,phylum,1,Hydrozoa,class,1,Leptothecata,order,1,Obeliidae,family,1,Obelia,genus,1,Obelia_longissima,1
6a479fcd5fdf02fe8ebacdbb52d8dd5b,0,0,0,0,5,0,0,0,0,0,0,0,0,0,0,0,36,0,0,0,0,0,0,0,0,0,0,Chordata,phylum,1,Actinopteri,class,1,Atheriniformes,order,1,Atherinopsidae,family,1,Menidia,genus,1,Menidia_menidia,1
a6d82030dfae8cb27665806a194fefc8,0,0,0,0,0,0,0,0,0,0,0,0,0,0,0,0,0,0,0,0,0,0,17,24,0,0,0,Arthropoda,phylum,1,Malacostraca,class,1,Decapoda,order,1,Nephropidae,family,1,Homarus,genus,1,Homarus_americanus,1
cec71bac130b8be2c890eecc94e77859,0,0,0,0,0,0,0,0,0,0,0,0,5,0,0,0,6,7,21,0,0,0,0,0,0,0,0,Mollusca,phylum,1,Bivalvia,class,1,Ostreida,order,1,Ostreidae,family,1,Crassostrea,genus,1,Crassostrea_virginica,1
d5927d41ed2308b68025fb5ec3c52561,0,0,0,0,0,0,0,0,0,0,0,0,0,0,0,0,0,0,0,0,0,0,15,18,6,0,0,Cnidaria,phylum,1,Hydrozoa,class,1,Leptothecata,order,1,Obeliidae,family,1,Laomedea,genus,1,Laomedea_flexuosa,1
39561e5631355501919a9918bfcbe355,0,0,0,0,0,0,0,30,5,3,0,0,0,0,0,0,0,0,0,0,0,0,0,0,0,0,0,Chordata,phylum,1,Actinopteri,class,1,Osmeriformes,order,1,Osmeridae,family,1,Osmerus,genus,1,Osmerus_mordax,1
8b2fc0dfcc2c2931311bd63cceeea1f0,0,0,0,0,0,0,0,0,0,0,0,0,36,0,0,0,0,0,0,0,0,0,0,0,0,0,0,Cnidaria,phylum,1,Hydrozoa,class,1,Anthoathecata,order,1,Hydridae,family,1,Hydra,genus,1,Hydra_vulgaris,1
c1168bdc7bf407219659529a9a8ca4a2,0,0,0,0,0,0,0,0,0,0,0,0,32,4,0,0,0,0,0,0,0,0,0,0,0,0,0,Cnidaria,phylum,1,Hydrozoa,class,1,Anthoathecata,order,1,Hydridae,family,1,Hydra,genus,1,Hydra_utahensis,1
5519a74a4e471c16f9fcfe4bb36a988e,0,0,0,0,0,0,0,0,0,0,0,0,0,0,0,0,0,0,0,0,0,0,6,28,0,0,0,Annelida,phylum,1,Polychaeta,class,1,Terebellida,order,1,Terebellidae,family,1,Polycirrus,genus,1,Polycirrus_eximius,1
28de205f073d5145ce227da23506954b,0,0,0,0,0,0,0,0,0,0,0,0,0,0,0,0,0,0,0,0,0,0,0,34,0,0,0,Annelida,phylum,1,Polychaeta,class,1,Sabellida,order,1,Sabellidae,family,1,Parasabella,genus,1,Parasabella_microphthalma,1
80e3ddbfa5a80990ee038610cd53ce4c,0,11,0,0,0,0,0,0,0,0,0,0,9,0,0,0,0,0,0,0,0,0,0,0,0,13,0,Arthropoda,phylum,1,Malacostraca,class,1,Amphipoda,order,1,Corophiidae,family,1,Monocorophium,genus,1,Monocorophium_insidiosum,1
4324ff4f650891231b2a9117ba536e88,0,0,0,0,0,0,0,0,0,0,0,0,19,0,0,0,0,0,0,0,0,0,0,14,0,0,0,Chordata,phylum,1,Actinopteri,class,1,Perciformes,order,1,Gasterosteidae,family,1,Pungitius,genus,1,Pungitius_pungitius,1
df33a614bb0de7efb4f54a4b20d0718a,0,14,0,0,0,0,0,0,0,0,0,0,0,0,0,0,0,0,0,0,0,0,0,0,0,18,0,Annelida,phylum,1,Polychaeta,class,1,undef_Polychaeta,order,1,Capitellidae,family,1,Capitella,genus,1,Capitella_teleta,1
dca742532e300c74ccae83bd9385bff8,0,0,0,0,0,0,0,0,0,0,0,0,32,0,0,0,0,0,0,0,0,0,0,0,0,0,0,Chordata,phylum,1,Actinopteri,class,1,Scombriformes,order,1,Scombridae,family,1,Scomber,genus,1,Scomber_scombrus,1
74da1622c5295c4b787530bebaca76e5,0,0,0,0,0,0,0,0,0,0,0,0,25,7,0,0,0,0,0,0,0,0,0,0,0,0,0,Arthropoda,phylum,1,Malacostraca,class,1,Amphipoda,order,1,Gammaridae,family,1,Gammarus,genus,1,Gammarus_oceanicus,1
89ad06e59612af5e5dec2c5b951fc6fb,0,0,0,0,0,0,0,0,0,0,0,0,0,0,0,32,0,0,0,0,0,0,0,0,0,0,0,Chordata,phylum,1,Mammalia,class,1,Primates,order,1,Hominidae,family,1,Homo,genus,1,Homo_sapiens,1
fa7243430ccb0436eee3d8c1ceb7e3f5,31,0,0,0,0,0,0,0,0,0,0,0,0,0,0,0,0,0,0,0,0,0,0,0,0,0,0,Mollusca,phylum,1,Gastropoda,class,1,undef_Gastropoda,order,1,Limapontiidae,family,1,Ercolania,genus,1,Ercolania_fuscata,1
b892720284ea2a0c33745060818feb5c,0,0,0,0,0,0,0,0,0,0,0,0,0,0,0,0,0,0,23,0,0,0,0,0,0,0,8,Mollusca,phylum,1,Gastropoda,class,1,undef_Gastropoda,order,1,Limapontiidae,family,1,Ercolania,genus,1,Ercolania_fuscata,1
2af4c71b0f3930146d7026ccfa78cc7a,0,0,0,0,0,0,0,0,0,0,0,0,30,0,0,0,0,0,0,0,0,0,0,0,0,0,0,Mollusca,phylum,1,Gastropoda,class,1,Stylommatophora,order,1,Agriolimacidae,family,1,Deroceras,genus,1,Deroceras_laeve,1
5d3b2f895b799d42789df5e5d1135a29,0,0,0,0,0,0,0,0,0,0,0,0,24,0,6,0,0,0,0,0,0,0,0,0,0,0,0,Arthropoda,phylum,1,Malacostraca,class,1,Isopoda,order,1,Janiridae,family,1,Jaera,genus,1,Jaera_albifrons,1
05b631fdff89e3cfc0c7ffd7e7fb5874,0,0,0,0,0,0,0,0,0,0,0,0,0,0,0,0,12,8,9,0,0,0,0,0,0,0,0,Chordata,phylum,1,Actinopteri,class,1,Atheriniformes,order,1,Atherinopsidae,family,1,Menidia,genus,1,Menidia_beryllina,1
f2b9e56905cb00a4a44d600b7a369311,0,0,0,0,0,0,0,0,0,0,0,0,0,0,0,0,0,0,0,0,0,0,3,26,0,0,0,Bryozoa,phylum,1,Gymnolaemata,class,1,Ctenostomatida,order,1,Flustrellidridae,family,1,Flustrellidra,genus,1,Flustrellidra_hispida,1
ac85d3e636729a50ecbdc7b505a231b4,0,0,0,0,0,0,0,0,0,0,0,0,28,0,0,0,0,0,0,0,0,0,0,0,0,0,0,Annelida,phylum,1,Polychaeta,class,1,Spionida,order,1,Spionidae,family,1,Marenzelleria,genus,1,Marenzelleria_viridis,1
3333508bfcc69b829bce8ae58e984b6e,0,0,0,0,0,0,0,0,0,0,0,0,6,0,0,0,0,0,0,0,0,0,8,14,0,0,0,Cnidaria,phylum,0.99,Hydrozoa,class,0.99,Anthoathecata,order,0.96,Protohydridae,family,0.91,Protohydra,genus,0.91,Protohydra_leuckarti,0.91
e7332fb61834992bbfdee534ea4ba353,0,0,0,0,0,0,0,0,0,0,0,0,0,0,19,0,0,0,0,0,0,0,0,0,0,8,0,Chordata,phylum,1,Actinopteri,class,1,Perciformes,order,1,Gasterosteidae,family,1,Gasterosteus,genus,1,Gasterosteus_aculeatus,0.94
0729704ae31558e10887c001a7d6bc43,0,0,0,0,5,0,0,0,0,0,0,0,0,0,0,0,21,0,0,0,0,0,0,0,0,0,0,Mollusca,phylum,1,Bivalvia,class,1,Mytilida,order,1,Mytilidae,family,1,Mytilus,genus,1,Mytilus_trossulus,1
32250a3d7a8a5cbfd4015c3f0e94e8df,0,0,0,0,0,0,0,0,0,0,0,0,0,0,12,0,0,0,0,0,0,0,4,6,4,0,0,Cnidaria,phylum,1,Hydrozoa,class,1,Anthoathecata,order,1,Bougainvilliidae,family,1,Bougainvillia,genus,1,Bougainvillia_muscus,1
7fdcfd54a15cf56baf84392414af4e9c,0,0,0,0,0,0,0,0,0,0,0,0,0,0,0,0,0,0,0,0,0,0,13,12,0,0,0,Annelida,phylum,1,Polychaeta,class,1,undef_Polychaeta,order,1,Dinophilidae,family,1,Dinophilus,genus,1,Dinophilus_gardineri,1
54e0828d525c79c0fc298de2190d9546,0,0,0,0,0,0,0,0,0,24,0,0,0,0,0,0,0,0,0,0,0,0,0,0,0,0,0,Annelida,phylum,1,Polychaeta,class,1,Spionida,order,1,Spionidae,family,1,Polydora_segmented_worms,genus,1,Polydora_cornuta,1
f627b4e59d05238913743a8b6743b003,0,0,0,0,0,0,0,0,0,0,0,0,0,0,0,0,8,0,15,0,0,0,0,0,0,0,0,Cnidaria,phylum,1,Hydrozoa,class,1,Anthoathecata,order,1,Hydridae,family,1,Hydra,genus,1,Hydra_oligactis,1
7dfc7e088a55ce7f3087cc68fa206ce0,0,0,0,0,0,0,0,0,0,0,0,0,0,0,0,0,0,0,0,0,0,0,11,12,0,0,0,Mollusca,phylum,1,Bivalvia,class,1,Cardiida,order,1,Tellinidae,family,1,Limecola,genus,1,Limecola_petalum,1
d4bac6bdcd59b9f1e98c38edd049907c,0,0,0,0,0,0,0,0,0,21,0,0,0,0,0,0,0,0,0,0,0,0,0,0,0,0,0,Chordata,phylum,1,Actinopteri,class,1,Atheriniformes,order,1,Atherinopsidae,family,1,Menidia,genus,1,Menidia_menidia,1
3c9bfe2f0a3aba2859bf53c6a3510fca,0,0,0,0,0,0,0,0,0,0,0,0,0,0,0,0,0,0,0,0,0,0,0,0,0,0,20,Annelida,phylum,1,Polychaeta,class,1,undef_Polychaeta,order,1,Capitellidae,family,1,Capitella,genus,1,Capitella_teleta,1
0d08491772685553faedc348a2d62a58,0,2,0,0,0,0,0,0,0,0,0,0,5,0,2,0,0,0,0,0,0,0,0,0,0,10,0,Chordata,phylum,1,Actinopteri,class,1,Gadiformes,order,1,Gadidae,family,1,Microgadus,genus,1,Microgadus_tomcod,1
abe15939f9c8b24952f27a171964d6aa,0,0,0,0,0,0,0,0,0,0,0,0,16,0,3,0,0,0,0,0,0,0,0,0,0,0,0,Chordata,phylum,1,Actinopteri,class,1,Cyprinodontiformes,order,1,Fundulidae,family,1,Fundulus,genus,1,Fundulus_diaphanus,1
7121d5fb64fab1154eebe56650a1ad5a,0,0,0,0,0,0,0,0,0,0,0,0,0,0,0,0,0,0,0,0,0,0,19,0,0,0,0,Annelida,phylum,1,Polychaeta,class,1,Terebellida,order,1,Flabelligeridae,family,1,Pherusa,genus,1,Pherusa_affinis,1
f42b0d1f937e8d6f95f89a340910115c,0,0,0,0,0,0,0,0,0,0,0,0,0,0,0,0,0,0,0,0,0,0,0,6,13,0,0,Chordata,phylum,1,Actinopteri,class,1,Salmoniformes,order,1,Salmonidae,family,1,Oncorhynchus,genus,1,Oncorhynchus_mykiss,1
f835a3ab2e54007bbaee4aa573f8bee1,0,0,0,0,0,0,0,8,5,5,0,0,0,0,0,0,0,0,0,0,0,0,0,0,0,0,0,Chordata,phylum,1,Actinopteri,class,1,Cyprinodontiformes,order,1,Fundulidae,family,1,Fundulus,genus,1,Fundulus_heteroclitus,1
5b036094f1231ca03ca87e6a90fc852c,0,0,0,0,0,0,0,0,0,0,0,0,0,0,0,0,0,0,0,0,0,0,18,0,0,0,0,Annelida,phylum,1,Polychaeta,class,1,Sabellida,order,1,Sabellidae,family,1,Parasabella,genus,1,Parasabella_microphthalma,1
823da51aeede52ae89cabc03937f7a47,0,0,0,0,0,0,0,0,0,0,0,0,0,0,0,0,0,0,0,0,0,0,0,18,0,0,0,Annelida,phylum,1,Polychaeta,class,1,Phyllodocida,order,1,Nereididae,family,1,Hediste,genus,1,Hediste_diversicolor,1
55fc634897b2b0eef1b2f407ff28f02f,0,0,0,0,0,0,0,0,0,0,0,0,0,0,17,0,0,0,0,0,0,0,0,0,0,0,0,Cnidaria,phylum,1,Hydrozoa,class,1,Anthoathecata,order,1,Hydridae,family,1,Hydra,genus,1,Hydra_vulgaris,1
1d69faa942eab475c3ac3df18bee637f,0,0,0,0,0,0,0,0,7,2,0,0,0,0,0,0,0,0,7,0,0,0,0,0,0,0,0,Arthropoda,phylum,1,Malacostraca,class,1,Decapoda,order,1,Panopeidae,family,1,Dyspanopeus,genus,1,Dyspanopeus_sayi,1
fd6a4ad3ac1afc0b1c4f35057ed46198,0,0,0,0,0,0,0,0,0,0,0,0,0,0,0,0,0,0,0,0,0,0,8,0,8,0,0,Mollusca,phylum,1,Gastropoda,class,1,Littorinimorpha,order,1,Calyptraeidae,family,1,Crepidula,genus,1,Crepidula_convexa,1
edc1ed4d055c3af4c40ba4ba80f455b6,0,0,0,0,0,0,0,0,0,0,0,0,0,0,0,0,0,0,0,0,0,0,0,16,0,0,0,Mollusca,phylum,1,Gastropoda,class,1,undef_Gastropoda,order,0.99,Limapontiidae,family,0.99,Alderia,genus,0.99,Alderia_modesta,0.99
7174edf9dd027c37417ecda995ebb5f3,0,0,0,0,0,0,0,0,0,0,0,0,0,0,0,0,0,0,0,0,15,0,0,0,0,0,0,Mollusca,phylum,0.99,Gastropoda,class,0.99,undef_Gastropoda,order,0.98,Limapontiidae,family,0.96,Ercolania,genus,0.96,Ercolania_fuscata,0.96
37db9583b304b282d13104ad810845c1,0,0,0,0,0,0,0,0,0,0,0,0,0,0,0,0,0,0,0,0,0,0,0,0,15,0,0,Cnidaria,phylum,1,Hydrozoa,class,1,Leptothecata,order,1,Obeliidae,family,1,Obelia,genus,1,Obelia_longissima,1
2b1a1761b6a53461f524978356721320,0,0,0,0,0,0,0,0,0,0,0,0,0,0,0,0,0,0,0,0,0,0,0,0,0,9,6,Cnidaria,phylum,0.99,Hydrozoa,class,0.99,Anthoathecata,order,0.96,Protohydridae,family,0.91,Protohydra,genus,0.91,Protohydra_leuckarti,0.91
569ad1aaed38ef7f1b3fd283105bbc46,0,0,0,0,0,0,0,0,0,0,0,0,7,2,0,0,0,0,0,0,0,0,5,0,0,0,0,Chordata,phylum,1,Mammalia,class,1,Eulipotyphla,order,1,Talpidae,family,1,Condylura,genus,1,Condylura_cristata,1
bfe9e5a2488ff6c09c22d76ab07ef59b,0,0,0,0,0,0,0,0,0,0,0,0,0,0,0,0,0,0,0,0,0,0,10,0,0,0,4,Chordata,phylum,1,Ascidiacea,class,1,Stolidobranchia,order,1,Styelidae,family,1,Botrylloides,genus,1,Botrylloides_violaceus,1
cf566a59f399df9e107d98ddcd032f1b,0,0,0,0,0,0,0,0,0,0,0,0,0,0,0,0,0,0,0,0,0,0,6,8,0,0,0,Mollusca,phylum,1,Gastropoda,class,1,Littorinimorpha,order,1,Calyptraeidae,family,1,Crepidula,genus,1,Crepidula_fornicata,1
9c61621a98170d4181c15825f8bd7326,0,0,0,13,0,0,0,0,0,0,0,0,0,0,0,0,0,0,0,0,0,0,0,0,0,0,0,Cnidaria,phylum,1,Hydrozoa,class,1,Leptothecata,order,1,Obeliidae,family,1,Obelia,genus,1,Obelia_dichotoma,1
8626ac964ef9d6557657ba0858bee858,0,0,0,2,4,5,0,0,0,0,0,0,0,2,0,0,0,0,0,0,0,0,0,0,0,0,0,Annelida,phylum,0.99,Polychaeta,class,0.99,Spionida,order,0.99,Spionidae,family,0.99,Streblospio,genus,0.99,Streblospio_benedicti,0.99
f45453b5cef29bfdcbcd24016fd3cd20,0,0,0,0,0,0,0,0,0,0,0,0,8,0,0,0,0,5,0,0,0,0,0,0,0,0,0,Annelida,phylum,1,Polychaeta,class,1,Phyllodocida,order,1,Glyceridae,family,1,Glycera,genus,1,Glycera_dibranchiata,1
5c3788447b2f7ce3b5ae7e352f804325,0,0,0,0,0,0,0,0,0,0,0,0,0,12,0,0,0,0,0,0,0,0,0,0,0,0,0,Mollusca,phylum,1,Gastropoda,class,1,undef_Gastropoda,order,1,Cerithiidae,family,1,Bittiolum,genus,1,Bittiolum_varium,1
3ea0813107748f27984b4df96b011515,0,0,0,0,0,0,0,0,0,0,0,0,0,0,0,0,0,0,0,0,0,0,12,0,0,0,0,Arthropoda,phylum,1,Thecostraca,class,1,Balanomorpha,order,1,Balanidae,family,1,Balanus,genus,1,Balanus_crenatus,0.98
5cb3c4fbbf6eb46a66713f9a00191faa,0,0,0,0,0,0,0,0,0,0,0,0,0,0,0,0,0,0,0,0,0,0,0,12,0,0,0,Arthropoda,phylum,1,Malacostraca,class,1,Decapoda,order,1,Paguridae,family,1,Pagurus,genus,1,Pagurus_acadianus,1
06bd73a7feebcd950e5e6684b2c538f6,0,0,0,0,0,0,0,0,0,0,0,0,0,0,0,0,0,0,0,0,0,0,0,12,0,0,0,Arthropoda,phylum,1,Malacostraca,class,1,Amphipoda,order,1,Talitridae,family,1,Orchestia,genus,1,Orchestia_grillus,1
94b967b7ef04faba15e8330a25c3c714,0,5,0,0,0,0,0,0,0,0,0,0,0,0,0,0,0,0,0,0,0,0,0,0,0,6,0,Annelida,phylum,1,Polychaeta,class,1,undef_Polychaeta,order,1,Dinophilidae,family,1,Dinophilus,genus,1,Dinophilus_gardineri,1
c730f1c6bfb4ec88953c5dcc344e82ff,0,0,0,0,0,0,0,0,0,0,0,11,0,0,0,0,0,0,0,0,0,0,0,0,0,0,0,Mollusca,phylum,1,Gastropoda,class,1,undef_Gastropoda,order,1,Limapontiidae,family,1,Ercolania,genus,1,Ercolania_fuscata,1
d75d90b6f99b65310aeabbcc86cd3baf,0,0,0,0,0,0,0,0,0,0,0,2,0,0,0,0,0,0,0,0,0,0,0,0,9,0,0,Bryozoa,phylum,1,Gymnolaemata,class,1,Cheilostomatida,order,1,Bugulidae,family,1,Crisularia,genus,1,Crisularia_turrita,1
52d98ed15569fb3c7ad4570faf68e767,0,0,0,0,0,0,0,0,0,0,0,0,0,0,0,0,0,11,0,0,0,0,0,0,0,0,0,Mollusca,phylum,1,Bivalvia,class,1,Cardiida,order,1,Tellinidae,family,1,Ameritella,genus,1,Ameritella_agilis,1
cbedbe5b18eaefb3c41ddfcc25ed7318,0,0,0,0,0,0,0,0,0,0,0,0,0,0,0,0,0,0,0,0,0,0,11,0,0,0,0,Cnidaria,phylum,1,Hydrozoa,class,1,Anthoathecata,order,1,Tubulariidae,family,1,Hybocodon,genus,1,Hybocodon_prolifer,1
3a0c7745d8d027b2191c198d28ff664c,0,0,0,0,0,0,0,0,0,0,0,0,0,0,0,0,0,0,0,0,0,0,0,11,0,0,0,Arthropoda,phylum,1,Malacostraca,class,1,Decapoda,order,1,Paguridae,family,1,Pagurus,genus,1,Pagurus_longicarpus,1
0f0e7ec836b88594d52659b725aa279d,0,0,0,0,0,0,0,0,0,0,0,0,0,0,0,0,0,0,0,0,0,0,0,0,0,0,11,Chordata,phylum,1,Actinopteri,class,1,Anguilliformes,order,1,Anguillidae,family,1,Anguilla,genus,1,Anguilla_rostrata,1
a6af05e9c57b120d696e90b18676d381,0,0,0,0,0,0,0,0,0,0,0,0,10,0,0,0,0,0,0,0,0,0,0,0,0,0,0,Nemertea,phylum,1,Pilidiophora,class,1,Heteronemertea,order,1,Lineidae,family,1,Cerebratulus,genus,1,Cerebratulus_lacteus,1
7bc0e01214d64e4004b5d09698847c9a,0,0,0,0,0,0,0,0,0,0,0,0,0,0,0,0,0,0,0,0,0,0,10,0,0,0,0,Cnidaria,phylum,1,Hydrozoa,class,1,Leptothecata,order,1,Haleciidae,family,1,Halecium,genus,1,Halecium_halecinum,1
24ac3527b7a1523f3f8977271e511467,0,0,0,0,0,0,0,0,0,0,0,0,0,0,0,0,0,0,0,0,0,0,0,0,10,0,0,Annelida,phylum,1,Polychaeta,class,1,undef_Polychaeta,order,1,Dinophilidae,family,1,Dinophilus,genus,1,Dinophilus_gardineri,1
572ec28853b0cd9c0b4a36ef85bb8d61,0,0,0,0,0,0,0,0,0,0,0,0,0,0,0,0,0,0,0,0,0,0,0,0,0,0,10,Arthropoda,phylum,1,Malacostraca,class,1,Amphipoda,order,1,Corophiidae,family,1,Monocorophium,genus,1,Monocorophium_insidiosum,1
da5c8e5f5b7f3f03bde5c1871f387ec5,0,9,0,0,0,0,0,0,0,0,0,0,0,0,0,0,0,0,0,0,0,0,0,0,0,0,0,Chordata,phylum,1,Actinopteri,class,1,Anguilliformes,order,1,Anguillidae,family,1,Anguilla,genus,1,Anguilla_rostrata,1
3718518813f647d4dea53a9cd92db867,0,0,0,0,0,0,0,0,0,0,0,0,0,0,0,0,0,0,0,0,0,0,0,9,0,0,0,Annelida,phylum,1,Polychaeta,class,1,Sabellida,order,1,Sabellidae,family,1,Pseudopotamilla,genus,1,Pseudopotamilla_reniformis,1
584d8cc56a521803f7b86d67f06527ac,0,0,0,0,0,0,0,0,0,0,0,0,0,0,0,0,0,0,0,0,0,0,0,9,0,0,0,Chordata,phylum,1,Actinopteri,class,1,Atheriniformes,order,1,Atherinopsidae,family,1,Menidia,genus,1,Menidia_menidia,1
26b60532506e0021cb893d96795ba54c,0,0,0,0,0,0,0,0,0,0,0,0,0,0,0,0,0,0,0,0,0,0,0,0,0,9,0,Mollusca,phylum,1,Gastropoda,class,1,Ellobiida,order,1,Ellobiidae,family,1,Melampus,genus,1,Melampus_bidentatus,1
7710accd5d1a5e04777380a725b658cb,0,4,0,0,0,0,0,0,0,0,0,0,0,0,0,0,0,0,0,0,0,0,0,0,0,0,4,Chordata,phylum,1,Actinopteri,class,1,Perciformes,order,1,Gasterosteidae,family,1,Gasterosteus,genus,1,Gasterosteus_aculeatus,0.94
c8feb853642a107b80e1da8d978ca03a,0,0,0,0,0,0,0,0,4,4,0,0,0,0,0,0,0,0,0,0,0,0,0,0,0,0,0,Chordata,phylum,1,Actinopteri,class,1,Pleuronectiformes,order,1,Pleuronectidae,family,1,Pseudopleuronectes,genus,1,Pseudopleuronectes_americanus,1
9610413a4a0eae632fff3160e4c5562f,0,0,0,0,0,0,0,0,0,0,0,0,8,0,0,0,0,0,0,0,0,0,0,0,0,0,0,Chordata,phylum,1,Mammalia,class,1,Carnivora,order,1,Canidae,family,1,Canis,genus,1,Canis_lupus,1
551126354b182d6da9ff52ec72ac5318,0,0,0,0,0,0,0,0,0,0,0,0,0,0,0,0,0,0,0,0,8,0,0,0,0,0,0,Annelida,phylum,1,Polychaeta,class,1,Spionida,order,1,Spionidae,family,1,Polydora_segmented_worms,genus,1,Polydora_cornuta,1
77aa61bc3b555df0128be896bc3c4cb1,0,0,0,0,0,0,0,0,0,0,0,0,0,0,0,0,0,0,0,0,0,0,8,0,0,0,0,Mollusca,phylum,1,Cephalopoda,class,1,Myopsida,order,1,Loliginidae,family,1,Doryteuthis,genus,1,Doryteuthis_pealeii,1
1de98d4d0ce5f76f91640d73364eb240,0,0,0,0,0,0,0,0,0,0,0,0,0,0,0,0,0,0,0,0,0,0,0,8,0,0,0,Chordata,phylum,1,Mammalia,class,1,Carnivora,order,1,Phocidae,family,1,Halichoerus,genus,1,Halichoerus_grypus,1
0d022e909a65cee128c57eaace3e880a,0,0,0,0,0,0,0,0,0,0,0,0,0,0,0,0,0,0,0,0,0,0,0,8,0,0,0,Cnidaria,phylum,1,Scyphozoa,class,1,Semaeostomeae,order,1,Ulmaridae,family,1,Aurelia,genus,1,Aurelia_aurita,1
d495569b454ea262ef2611d56c5694a3,0,0,0,0,0,0,0,0,0,0,0,0,0,0,0,0,0,0,0,0,0,0,0,0,8,0,0,Chordata,phylum,1,Actinopteri,class,1,Atheriniformes,order,1,Atherinopsidae,family,1,Menidia,genus,1,Menidia_menidia,1
5342b565396730f8cdacef6d363d71dd,0,0,0,0,0,0,0,0,0,0,0,0,0,0,0,0,0,0,0,0,0,0,0,0,0,8,0,Mollusca,phylum,1,Gastropoda,class,1,Littorinimorpha,order,1,Calyptraeidae,family,1,Crepidula,genus,1,Crepidula_plana,1
d2212e8f09da08d3329710d7b865aa50,0,0,0,0,2,0,0,0,0,0,0,0,0,5,0,0,0,0,0,0,0,0,0,0,0,0,0,Annelida,phylum,1,Polychaeta,class,1,Phyllodocida,order,1,Nereididae,family,1,Alitta,genus,1,Alitta_virens,1
66b43c76ddbc5e63df9585357ba4dd85,0,0,0,0,0,0,0,0,0,0,0,0,0,0,0,0,0,0,7,0,0,0,0,0,0,0,0,Chordata,phylum,1,Actinopteri,class,1,Labriformes,order,1,Labridae,family,1,Tautogolabrus,genus,1,Tautogolabrus_adspersus,1
ee3e120ddc5b64bff76f7c4565ffa2aa,0,0,0,0,0,0,0,0,0,0,0,0,0,0,0,0,0,0,0,0,0,0,7,0,0,0,0,Bryozoa,phylum,1,Gymnolaemata,class,1,Ctenostomatida,order,1,Vesiculariidae,family,1,Amathia,genus,1,Amathia_gracilis,1
b227c11fb1c8e81b5e087d476f854258,0,0,0,0,0,0,0,0,0,0,0,0,0,0,0,0,0,0,0,0,0,0,0,7,0,0,0,Chordata,phylum,1,Actinopteri,class,1,Perciformes,order,1,Zoarcidae,family,1,Zoarces,genus,1,Zoarces_americanus,1
6121eaac0164a72ab99c25d58150e48e,0,0,0,0,0,0,0,0,0,0,0,0,0,0,0,0,0,0,0,0,0,0,0,0,7,0,0,Arthropoda,phylum,1,Malacostraca,class,1,Amphipoda,order,1,Talitridae,family,1,Orchestia,genus,1,Orchestia_grillus,1
463dbf689a7932ed9405661e640c0806,0,0,0,0,0,0,0,0,0,0,0,0,0,0,0,0,0,0,0,0,0,0,0,0,7,0,0,Mollusca,phylum,1,Gastropoda,class,1,Littorinimorpha,order,1,Littorinidae,family,1,Littorina,genus,1,Littorina_littorea,1
29455d0ad69f936b7b56a34a503092e9,0,6,0,0,0,0,0,0,0,0,0,0,0,0,0,0,0,0,0,0,0,0,0,0,0,0,0,Bryozoa,phylum,1,Gymnolaemata,class,1,Ctenostomatida,order,1,Vesiculariidae,family,1,Amathia,genus,1,Amathia_gracilis,1
38e3c81aae3988889410a1458b76d055,0,3,0,0,0,0,0,0,0,0,0,0,0,0,0,0,0,0,0,0,0,0,0,0,0,0,3,Arthropoda,phylum,1,Malacostraca,class,1,Isopoda,order,1,Idoteidae,family,1,Idotea,genus,1,Idotea_baltica,1
a29e4c21e539a07b8fc2541a927d0b3c,0,0,0,6,0,0,0,0,0,0,0,0,0,0,0,0,0,0,0,0,0,0,0,0,0,0,0,Annelida,phylum,1,Polychaeta,class,1,Phyllodocida,order,1,Nereididae,family,1,Alitta,genus,1,Alitta_succinea,1
305d43f8c34c507c9e9178daecdfd9e8,0,0,0,0,6,0,0,0,0,0,0,0,0,0,0,0,0,0,0,0,0,0,0,0,0,0,0,Cnidaria,phylum,1,Hydrozoa,class,1,Leptothecata,order,1,Campanulariidae,family,1,Gonothyraea,genus,1,Gonothyraea_loveni,1
1651508853552973111618727682f4a2,0,0,0,0,0,0,0,0,0,0,0,0,6,0,0,0,0,0,0,0,0,0,0,0,0,0,0,Arthropoda,phylum,1,Branchiopoda,class,1,Diplostraca,order,1,Chydoridae,family,1,Acroperus,genus,1,Acroperus_harpae,1
5aa9c46bc2b5fa7911d858eee0a641cb,0,0,0,0,0,0,0,0,0,0,0,0,0,0,6,0,0,0,0,0,0,0,0,0,0,0,0,Annelida,phylum,1,Polychaeta,class,1,Eunicida,order,1,Lumbrineridae,family,1,Ninoe,genus,1,Ninoe_nigripes,1
94e2411f12f396d4c18b450308b13b7a,0,0,0,0,0,0,0,0,0,0,0,0,0,0,0,0,0,6,0,0,0,0,0,0,0,0,0,Mollusca,phylum,1,Gastropoda,class,1,undef_Gastropoda,order,1,Cerithiidae,family,1,Bittiolum,genus,1,Bittiolum_varium,1
00dff6a09891768ed0b7b927e9a88760,0,0,0,0,0,0,0,0,0,0,0,0,0,0,0,0,0,6,0,0,0,0,0,0,0,0,0,Cnidaria,phylum,1,Hydrozoa,class,1,Anthoathecata,order,1,Hydridae,family,1,Hydra,genus,1,Hydra_oligactis,1
d3a3e37b8d0bd13dd09e98805b37d6bc,0,0,0,0,0,0,0,0,0,0,0,0,0,0,0,0,0,0,0,0,0,0,6,0,0,0,0,Mollusca,phylum,1,Bivalvia,class,1,Mytilida,order,1,Mytilidae,family,1,Mytilus,genus,1,Mytilus_edulis,1
e4cbf517911821fd68d04fef9ba0e784,0,0,0,0,0,0,0,0,0,0,0,0,0,0,0,0,0,0,0,0,0,0,6,0,0,0,0,Chordata,phylum,1,Mammalia,class,1,Rodentia,order,1,Cricetidae,family,1,Microtus,genus,1,Microtus_pennsylvanicus,1
6e035f830228d263ef49634e489eea26,0,0,0,0,0,0,0,0,0,0,0,0,0,0,0,0,0,0,0,0,0,0,0,6,0,0,0,Annelida,phylum,1,Polychaeta,class,1,Spionida,order,1,Spionidae,family,1,Polydora_segmented_worms,genus,1,Polydora_cornuta,1
79d7ff75fb5e9b07708b825eb46452ad,0,0,0,0,0,0,0,0,0,0,0,0,0,0,0,0,0,0,0,0,0,0,0,6,0,0,0,Bryozoa,phylum,1,Gymnolaemata,class,1,Cheilostomatida,order,1,Membraniporidae,family,1,Membranipora,genus,1,Membranipora_membranacea,1
5f6a711390bdfec9234fdb53b391ca50,0,0,0,0,0,0,0,0,0,0,0,0,0,0,0,0,0,0,0,0,0,0,0,0,0,0,6,Annelida,phylum,1,Polychaeta,class,1,undef_Polychaeta,order,1,Dinophilidae,family,1,Dinophilus,genus,1,Dinophilus_gardineri,1
a25de9de420fd733778cb3ae001b995a,0,0,0,0,0,0,0,0,0,0,0,0,0,0,0,0,0,0,0,0,0,0,0,0,0,0,6,Annelida,phylum,1,Polychaeta,class,1,Phyllodocida,order,1,Nereididae,family,1,Alitta,genus,1,Alitta_succinea,1
7317f2efa1adb2c77835394928874e3b,0,0,0,0,0,0,0,0,5,0,0,0,0,0,0,0,0,0,0,0,0,0,0,0,0,0,0,Mollusca,phylum,1,Bivalvia,class,1,Mytilida,order,1,Mytilidae,family,1,Mytilus,genus,1,Mytilus_edulis,1
aad7160832bb0c3dbb0dfd432688e3ab,0,0,0,0,0,0,0,0,0,0,0,0,5,0,0,0,0,0,0,0,0,0,0,0,0,0,0,Mollusca,phylum,0.94,Gastropoda,class,0.94,undef_Gastropoda,order,0.94,Pachychilidae,family,0.94,Sulcospira,genus,0.94,Sulcospira_paludiformis,0.94
377fb6c41db75c63d622dac26d8183eb,0,0,0,0,0,0,0,0,0,0,0,0,0,0,0,0,5,0,0,0,0,0,0,0,0,0,0,Chordata,phylum,1,Actinopteri,class,1,Labriformes,order,1,Labridae,family,1,Tautogolabrus,genus,1,Tautogolabrus_adspersus,1
2dec3ddb9565c0dbf06bb3030db5e213,0,0,0,0,0,0,0,0,0,0,0,0,0,0,0,0,0,0,5,0,0,0,0,0,0,0,0,Arthropoda,phylum,1,Malacostraca,class,1,Amphipoda,order,1,Gammaridae,family,1,Gammarus,genus,1,Gammarus_mucronatus,1
272118f85c5444e6cfb7a289581c7f04,0,0,0,0,0,0,0,0,0,0,0,0,0,0,0,0,0,0,0,0,0,0,5,0,0,0,0,Arthropoda,phylum,1,Malacostraca,class,1,Decapoda,order,1,Cancridae,family,1,Cancer,genus,1,Cancer_irroratus,1
fd4c9be3316254d107d502c5478240c7,0,0,0,0,0,0,0,0,0,0,0,0,0,0,0,0,0,0,0,0,0,0,5,0,0,0,0,Cnidaria,phylum,1,Hydrozoa,class,1,Leptothecata,order,1,Mitrocomidae,family,1,Cyclocanna,genus,1,Cyclocanna_producta,1
421cb9713569ae19981c3867e12af345,0,0,0,0,0,0,0,0,0,0,0,0,0,0,0,0,0,0,0,0,0,0,0,5,0,0,0,Bryozoa,phylum,0.96,Gymnolaemata,class,0.96,Ctenostomatida,order,0.96,Vesiculariidae,family,0.96,Amathia,genus,0.95,Amathia_tertia,0.95
cffe8d65fee6854be412e683a3c1cf60,0,0,0,0,0,0,0,0,0,0,0,0,0,0,0,0,0,0,0,0,0,0,0,5,0,0,0,Mollusca,phylum,1,Bivalvia,class,1,Mytilida,order,1,Mytilidae,family,1,Mytilus,genus,1,Mytilus_edulis,1
426794ff2a2d08dec91b56194d857d54,0,0,0,0,0,0,0,0,0,0,0,0,0,0,0,0,0,0,0,0,0,0,0,0,5,0,0,Arthropoda,phylum,1,Malacostraca,class,1,Amphipoda,order,1,Aoridae,family,1,Leptocheirus,genus,1,Leptocheirus_pinguis,1
e68f264752526277de2cd898a810414c,0,0,0,0,0,0,0,0,0,0,0,0,0,0,0,0,0,0,0,0,0,0,0,0,5,0,0,Mollusca,phylum,1,Gastropoda,class,1,Littorinimorpha,order,1,Calyptraeidae,family,1,Crepidula,genus,1,Crepidula_fornicata,1
8fe49f4e18ebdef4f059c1596701f426,0,0,0,0,0,0,0,0,0,0,0,0,0,0,0,0,0,0,0,0,0,0,0,0,0,5,0,Chordata,phylum,1,Ascidiacea,class,1,Stolidobranchia,order,1,Styelidae,family,1,Botrylloides,genus,1,Botrylloides_violaceus,1
2c434cd04e6c62881ae80c9b5076baa3,0,4,0,0,0,0,0,0,0,0,0,0,0,0,0,0,0,0,0,0,0,0,0,0,0,0,0,Cnidaria,phylum,1,Staurozoa,class,1,Stauromedusae,order,1,Haliclystidae,family,1,Haliclystus,genus,1,Haliclystus_tenuis,1
2682ac2971522cd2320f69678baea388,0,0,0,0,0,0,0,0,0,0,0,0,4,0,0,0,0,0,0,0,0,0,0,0,0,0,0,Cnidaria,phylum,1,Anthozoa,class,1,Actiniaria,order,1,Metridiidae,family,1,Metridium,genus,1,Metridium_senile,1
a8f6bfc59b7b056ef077aac147a5b79f,0,0,0,0,0,0,0,0,0,0,0,0,4,0,0,0,0,0,0,0,0,0,0,0,0,0,0,Arthropoda,phylum,1,Malacostraca,class,1,Amphipoda,order,1,Gammaridae,family,1,Gammarus,genus,1,Gammarus_mucronatus,1
4ba6621af5e0c1c464b0729a9dc7cc7b,0,0,0,0,0,0,0,0,0,0,0,0,4,0,0,0,0,0,0,0,0,0,0,0,0,0,0,Mollusca,phylum,1,Gastropoda,class,1,Stylommatophora,order,1,Arionidae,family,1,Arion,genus,1,Arion_intermedius,1
b287445d7d9b51b80b45c0ff5cf33e70,0,0,0,0,0,0,0,0,0,0,0,0,0,0,0,0,0,4,0,0,0,0,0,0,0,0,0,Mollusca,phylum,1,Bivalvia,class,1,Cardiida,order,1,Tellinidae,family,1,Limecola,genus,1,Limecola_petalum,1
555dab262e7facbbe3c0b7f3a6937776,0,0,0,0,0,0,0,0,0,0,0,0,0,0,0,0,0,0,4,0,0,0,0,0,0,0,0,Chordata,phylum,1,Actinopteri,class,1,Syngnathiformes,order,1,Syngnathidae,family,1,Syngnathus,genus,1,Syngnathus_fuscus,1
55d9b393994070dc222c9e3a64b00d5f,0,0,0,0,0,0,0,0,0,0,0,0,0,0,0,0,0,0,0,0,0,0,4,0,0,0,0,Arthropoda,phylum,1,Malacostraca,class,1,Decapoda,order,1,Paguridae,family,1,Pagurus,genus,1,Pagurus_longicarpus,1
40da2fe1338cddd045bf6c1807933e0c,0,0,0,0,0,0,0,0,0,0,0,0,0,0,0,0,0,0,0,0,0,0,0,4,0,0,0,Chordata,phylum,1,Actinopteri,class,1,Anguilliformes,order,1,Anguillidae,family,1,Anguilla,genus,1,Anguilla_rostrata,1
d3f260cafa53b06643b9bce9c6563f3a,0,0,0,0,0,0,0,0,0,0,0,0,0,0,0,0,0,0,0,0,0,0,0,4,0,0,0,Chordata,phylum,1,Actinopteri,class,1,Gadiformes,order,1,Gadidae,family,1,Pollachius,genus,1,Pollachius_virens,1
9ae89b58f87063a87bb03b9a62c1aeae,0,0,0,0,0,0,0,0,0,0,0,0,0,0,0,0,0,0,0,0,0,0,0,4,0,0,0,Annelida,phylum,1,Polychaeta,class,1,Phyllodocida,order,1,Polynoidae,family,1,Lepidonotus,genus,1,Lepidonotus_squamatus_CMC02,1
643628d095697f852e289a187a2ee81d,0,0,0,0,0,0,0,0,0,0,0,0,0,0,0,0,0,0,0,0,0,0,0,4,0,0,0,Cnidaria,phylum,1,Hydrozoa,class,1,Leptothecata,order,1,Campanulariidae,family,1,Calycella,genus,1,Calycella_syringa,1
2088554b21ef7df7e3912404e76683e9,0,0,0,0,0,0,0,0,0,0,0,0,0,0,0,0,0,0,0,0,0,0,0,4,0,0,0,Cnidaria,phylum,1,Hydrozoa,class,1,Leptothecata,order,1,Melicertidae,family,1,Melicertum,genus,1,Melicertum_octocostatum,1
adf091a75bf33196e6f79f605b7364f5,0,0,0,0,0,0,0,0,0,0,0,0,0,0,0,0,0,0,0,0,0,0,0,0,4,0,0,Cnidaria,phylum,1,Scyphozoa,class,1,Semaeostomeae,order,1,Ulmaridae,family,1,Aurelia,genus,1,Aurelia_aurita,1
b624bc32470bb0e968b49a1a3b5d688b,0,0,0,0,0,0,0,0,0,0,0,0,0,0,0,0,0,0,0,0,0,0,0,0,4,0,0,Arthropoda,phylum,1,Malacostraca,class,1,Amphipoda,order,1,Gammaridae,family,1,Gammarus,genus,1,Gammarus_mucronatus,1
b4beb679c39598554d933d9287aa372d,0,0,0,0,0,0,0,0,0,0,0,0,0,0,0,0,0,0,0,0,0,0,0,0,0,4,0,Mollusca,phylum,1,Gastropoda,class,1,Nudibranchia,order,1,Coryphellidae,family,1,Coryphella,genus,1,Coryphella_verrucosa,1
f51d7ef8a395f270f580368212229f9a,0,3,0,0,0,0,0,0,0,0,0,0,0,0,0,0,0,0,0,0,0,0,0,0,0,0,0,Arthropoda,phylum,1,Malacostraca,class,1,Amphipoda,order,1,Gammaridae,family,1,Gammarus,genus,1,Gammarus_lawrencianus,1
8a0fcd1c195b224e2bd0ef98f08d965d,0,0,0,0,3,0,0,0,0,0,0,0,0,0,0,0,0,0,0,0,0,0,0,0,0,0,0,Cnidaria,phylum,1,Hydrozoa,class,1,Leptothecata,order,1,Campanulariidae,family,1,Hartlaubella,genus,1,Hartlaubella_gelatinosa,1
4169097791ebe3340bf345f49e5ae0cf,0,0,0,0,0,0,0,3,0,0,0,0,0,0,0,0,0,0,0,0,0,0,0,0,0,0,0,Mollusca,phylum,1,Gastropoda,class,1,Littorinimorpha,order,1,Calyptraeidae,family,1,Crepidula,genus,1,Crepidula_fornicata,1
8badc13770893c64ece3011caf32a062,0,0,0,0,0,0,0,0,3,0,0,0,0,0,0,0,0,0,0,0,0,0,0,0,0,0,0,Chordata,phylum,1,Ascidiacea,class,1,Stolidobranchia,order,1,Styelidae,family,1,Botrylloides,genus,1,Botrylloides_violaceus,1
2d2c1ce01c3648811934c492e589c78e,0,0,0,0,0,0,0,0,0,0,0,3,0,0,0,0,0,0,0,0,0,0,0,0,0,0,0,Echinodermata,phylum,1,Asteroidea,class,1,Forcipulatida,order,1,Asteriidae,family,1,Asterias,genus,1,Asterias_forbesi,1
88d55ca870db8f0a0d4717276cb27683,0,0,0,0,0,0,0,0,0,0,0,0,0,0,0,0,0,3,0,0,0,0,0,0,0,0,0,Annelida,phylum,1,Polychaeta,class,1,Spionida,order,1,Spionidae,family,1,Marenzelleria,genus,1,Marenzelleria_viridis,1
e1cfbd46477b5130707491c18879bdea,0,0,0,0,0,0,0,0,0,0,0,0,0,0,0,0,0,0,0,0,0,0,3,0,0,0,0,Chordata,phylum,1,Actinopteri,class,1,Gadiformes,order,1,Gadidae,family,1,Pollachius,genus,1,Pollachius_virens,1
193185a98658f4e1ded891229d993d6a,0,0,0,0,0,0,0,0,0,0,0,0,0,0,0,0,0,0,0,0,0,0,3,0,0,0,0,Arthropoda,phylum,1,Malacostraca,class,1,Isopoda,order,1,Trichoniscidae,family,1,Trichoniscus,genus,1,Trichoniscus_pusillus,1
81cc5cd6bd9d0cc3c46d30a0c04fa6e1,0,0,0,0,0,0,0,0,0,0,0,0,0,0,0,0,0,0,0,0,0,0,0,3,0,0,0,Annelida,phylum,1,Polychaeta,class,1,Terebellida,order,1,Terebellidae,family,1,Amphitrite,genus,1,Amphitrite_figulus,1
6deae5dcb2e7586d3111898c5223c759,0,0,0,0,0,0,0,0,0,0,0,0,0,0,0,0,0,0,0,0,0,0,0,3,0,0,0,Mollusca,phylum,1,Cephalopoda,class,1,Myopsida,order,1,Loliginidae,family,1,Doryteuthis,genus,1,Doryteuthis_pealeii,1
d13a9606fdf944571b2c7c032c24d9c2,0,0,0,0,0,0,0,0,0,0,0,0,0,0,0,0,0,0,0,0,0,0,0,3,0,0,0,Chordata,phylum,1,Actinopteri,class,1,Clupeiformes,order,1,Clupeidae,family,1,Alosa,genus,1,Alosa_aestivalis,1
cf69a66cc52e1d290520d1f6f53f6990,0,0,0,0,0,0,0,0,0,0,0,0,0,0,0,0,0,0,0,0,0,0,0,0,3,0,0,Arthropoda,phylum,1,Malacostraca,class,1,Decapoda,order,1,Crangonidae,family,1,Crangon,genus,1,Crangon_septemspinosa,1
18de0688858f1258a1913031d56a022b,0,0,0,0,0,0,0,0,0,0,0,0,0,0,0,0,0,0,0,0,0,0,0,0,0,3,0,Mollusca,phylum,1,Gastropoda,class,1,Littorinimorpha,order,1,Littorinidae,family,1,Littorina,genus,1,Littorina_saxatilis,1
0c9e9d639e0eb91a19d257c3e52031e1,0,0,0,0,0,0,0,0,0,0,0,0,0,0,0,0,0,0,0,0,0,0,0,0,0,0,3,Mollusca,phylum,1,Gastropoda,class,1,Neogastropoda,order,1,Columbellidae,family,1,Astyris,genus,1,Astyris_lunata,1
f0901ad39960b0dc0c5676678d148148,0,0,0,2,0,0,0,0,0,0,0,0,0,0,0,0,0,0,0,0,0,0,0,0,0,0,0,Mollusca,phylum,1,Gastropoda,class,1,Nudibranchia,order,1,Trinchesiidae,family,1,Tenellia,genus,1,Tenellia_adspersa,1
392d41d5f3d336911dd3fd1bf5e37683,0,0,0,0,0,2,0,0,0,0,0,0,0,0,0,0,0,0,0,0,0,0,0,0,0,0,0,Cnidaria,phylum,0.99,Hydrozoa,class,0.99,Leptothecata,order,0.99,Campanulariidae,family,0.99,Gonothyraea,genus,0.99,Gonothyraea_loveni,0.99
09e0b7732756219b04536974ecad9447,0,0,0,0,0,0,0,0,0,0,0,0,0,0,0,0,0,2,0,0,0,0,0,0,0,0,0,Mollusca,phylum,1,Gastropoda,class,1,Neogastropoda,order,1,Columbellidae,family,1,Astyris,genus,1,Astyris_lunata,1
2d2ad9761b0e0bc64d36117317146cd8,0,0,0,0,0,0,0,0,0,0,0,0,0,0,0,0,0,0,0,0,2,0,0,0,0,0,0,Mollusca,phylum,1,Gastropoda,class,1,Cephalaspidea,order,1,Haminoeidae,family,1,Haminoea,genus,1,Haminoea_solitaria,1
33a076cd9f8d2371f91ed93a780c132a,0,0,0,0,0,0,0,0,0,0,0,0,0,0,0,0,0,0,0,0,0,0,0,2,0,0,0,Arthropoda,phylum,1,Malacostraca,class,1,Amphipoda,order,1,Ischyroceridae,family,1,Jassa,genus,1,Jassa_marmorata,1
4c0171468a47ca6fc03b6e41172d221b,0,0,0,0,0,0,0,0,0,0,0,0,0,0,0,0,0,0,0,0,0,0,0,0,0,2,0,Arthropoda,phylum,1,Branchiopoda,class,1,Diplostraca,order,1,Podonidae,family,1,Evadne,genus,1,Evadne_nordmanni,1
